use_case,cold_ms,warm_ms
(a) Top-25 holders for AAPL,201.783583,35.252124999999964
(b) Top-50 by combined AUM,279.31616700000006,340.21104199999996
(c) All Vanguard positions,72.6432910000001,45.11370799999992
